Tweet Id,Text,Name,Screen Name,UTC,Created At,Favorites,Retweets,Language,Client,Tweet Type,URLs,Hashtags,Mentions,Media Type,Media URLs,Unnamed: 16,Unnamed: 17,Unnamed: 18
1530600911696850944,"RT @RisingFlameNow : Disabled people menstruate too. ü©∏

On #MenstrualHygieneDay, we demand more focus on #access to bathroom &amp; hygiene facilities for disabled menstruators.

Inaccessible bathrooms, along with shame + stigma around menstruation are big barriers to getting proper menstrual care! (1/2) https://t.co/SXlgImKQwT",saudamini pethe,saudamini_pethe,2022-05-28T17:24:29.000Z,Sat May 28 17:24:29 +0000 2022,0,0,en,"<a href=""http://twitter.com/download/android"" rel=""nofollow"">Twitter for Android</a>",Retweet,,2,0,photo,https://pbs.twimg.com/media/FTgnX0VVIAEHjee.jpg,,,
1527653277310996482,"RT @RisingFlameNow : Make videos #accessible ‚Äî not just closed captions, but maybe consider including video descriptions? #AccessibilityAwarenessDay

Remember: #Accessibility is a mindset and changes based on the person. The best we can do is ask disabled people when we are in doubt. #GAAD #GAAD2022 https://t.co/vXq9CAcW3T",saudamini pethe,saudamini_pethe,2022-05-20T14:11:38.000Z,Fri May 20 14:11:38 +0000 2022,0,0,en,"<a href=""http://twitter.com/download/android"" rel=""nofollow"">Twitter for Android</a>",Retweet,,5,0,photo,https://pbs.twimg.com/media/FTMhGTHVUAAeVYF.jpg,https://pbs.twimg.com/media/FTMfmSPVEAA87r7.jpg,https://pbs.twimg.com/media/FTMfmSUVEAAnZiA.jpg,https://pbs.twimg.com/media/FTMfmSUVEAYQrpQ.jpg
1527265252911755264,"RT @Raindrops_NGO : ""After cracking the interview, I was rejected from a job as the company did not have #accessibletoilets‚ôøÔ∏è""

Listen to Heena's message on the #GlobalAccessibilityAwarenessDay as she raised the importance of #accessibility in public spaces üè´üè¢üë©‚ÄçüíºüöçüöÉ

@socialpwds @MSJE_AIC https://t.co/o0ddtmoxI9",saudamini pethe,saudamini_pethe,2022-05-19T12:29:46.000Z,Thu May 19 12:29:46 +0000 2022,0,0,en,"<a href=""http://twitter.com/download/android"" rel=""nofollow"">Twitter for Android</a>",Retweet,,3,2,video,https://video.twimg.com/ext_tw_video/1527230279512899584/pu/vid/640x360/6gj5VIAvd1aPLMTJ.mp4?tag=12,,,
1527232322709647366,"Pic credit @BeyondTokenism 
Thank you @saysnidhigoyal &amp; @RisingFlameNow for inviting me to this awesome #GAAD campaign. Proud to participate as @deaflawyers fellow and Director @AIFDW1 along with Trustee of @accessmantra. https://t.co/EoKnIKytMA https://t.co/PpLJXtjSb0",saudamini pethe,saudamini_pethe,2022-05-19T10:18:54.000Z,Thu May 19 10:18:54 +0000 2022,5,1,en,"<a href=""http://twitter.com/download/android"" rel=""nofollow"">Twitter for Android</a>",Tweet,https://twitter.com/RisingFlameNow/status/1527192428125401088 ,1,6,photo,https://pbs.twimg.com/media/FTHRs7gaUAAT-JD.jpg,,,
1527227343605215232,"RT @RisingFlameNow : We're excited to start our 'Alt Text Fest' for #GAAD2022! Welcome to the #AltText party ü•≥ ü•≥ ü•≥

How you can participate:

ü™© Share your favourite picture with your version of its alt text!

ü™© Comment your versions of alt text for the pictures we share! [1/2]

#AltText tips üëáüèæ https://t.co/5cjFy6WMok",saudamini pethe,saudamini_pethe,2022-05-19T09:59:07.000Z,Thu May 19 09:59:07 +0000 2022,0,0,en,"<a href=""http://twitter.com/download/android"" rel=""nofollow"">Twitter for Android</a>",Retweet,,3,0,photo,https://pbs.twimg.com/media/FTGp2Y6UUAEllvg.jpg,https://pbs.twimg.com/media/FTGoahWUAAAqa_0.jpg,https://pbs.twimg.com/media/FTGoahYUcAAYVXj.jpg,https://pbs.twimg.com/media/FTGoahWVUAAnLu3.jpg
1527224267699519488,@RisingFlameNow @ThinkCREA @povmumbai @gopikabashi @geetikamantri @lopes13_flavia @vinayaravind @parmeshs @gamla_nahi_vase @hirishitalkies @BehanBox Pic Credit : @BeyondTokenism @saysnidhigoyal @RisingFlameNow Thanks for the invitation for the #GAAD2022 fest! Proud to participate as a @deaflawyers fellow and as director of @AIFDW1 along with trustee of @accessmantra in this awesome campaign https://t.co/wdEZzgrVU1,saudamini pethe,saudamini_pethe,2022-05-19T09:46:54.000Z,Thu May 19 09:46:54 +0000 2022,3,1,en,"<a href=""http://twitter.com/download/android"" rel=""nofollow"">Twitter for Android</a>",Reply,,1,17,photo,https://pbs.twimg.com/media/FTHKYBcaQAIvzJ0.jpg,,,
1526540964826755072,@RisingFlameNow @SRHMJournal @saysnidhigoyal @ThinkCREA @povmumbai @parmeshs @hiyer @mtonykurian @BlindGrlMusings @APC_News @Prospera_INWF @Uma_AIFDW @AIFDW1 @HearAMillion @accessmantra pls participate and amplify,saudamini pethe,saudamini_pethe,2022-05-17T12:31:42.000Z,Tue May 17 12:31:42 +0000 2022,1,0,en,"<a href=""http://twitter.com/download/android"" rel=""nofollow"">Twitter for Android</a>",Reply,,0,15,,,,,
1526540516413779971,"RT @RisingFlameNow : Let's talk about #a11y and digital #accessibility this week! üó£Ô∏èüó£Ô∏èüó£Ô∏è

What are you doing to make your *aesthetic* Instagram (or Facebook, or Twitter, or.. dare we say, LinkedIn?) feed more accessible to disabled folx?

Prioritise digital well-being with us ‚ù§Ô∏è #AccessIsJoy [1/2] https://t.co/YzmqisUr29",saudamini pethe,saudamini_pethe,2022-05-17T12:29:55.000Z,Tue May 17 12:29:55 +0000 2022,0,0,en,"<a href=""http://twitter.com/download/android"" rel=""nofollow"">Twitter for Android</a>",Retweet,,3,0,photo,https://pbs.twimg.com/media/FS3xWUAUcAA-Gmr.jpg,https://pbs.twimg.com/media/FS3wo8SUEAAxhAe.jpg,https://pbs.twimg.com/media/FS3wo-6UAAElOAV.jpg,https://pbs.twimg.com/media/FS3x-SJUEAA8r8W.jpg
1520328292351438848,"RT @aifddeaf : @CPDelhi @DCPNewDelhi @DCPSouthDelhi @AmitShah @LtGovDelhi some greedy hearing people are trying to grab our deaf institute with its land admeasuring 1.5 acre area at MPTCD which managed by elected body. We need help at this location of
https://t.co/vEMRZDFfvU",saudamini pethe,saudamini_pethe,2022-04-30T09:04:45.000Z,Sat Apr 30 09:04:45 +0000 2022,0,0,en,"<a href=""http://twitter.com/download/android"" rel=""nofollow"">Twitter for Android</a>",Retweet,https://maps.app.goo.gl/oTvfnnmeJfLJYPnbA ,0,5,,,,,
1519597509458513925,"RT @NPRD_IN : The offices of CCPD, Chair of NT &amp; RCI  have been without full-time heads for a long time. Bureaucrats are being deputed to these posts, striking at the independence and autonomy of these institutions, created under Acts of Parliament.  https://t.co/Uz3AgMYgoG",saudamini pethe,saudamini_pethe,2022-04-28T08:40:53.000Z,Thu Apr 28 08:40:53 +0000 2022,0,0,en,"<a href=""http://twitter.com/download/android"" rel=""nofollow"">Twitter for Android</a>",Retweet,https://www.dailypioneer.com/2022/india/hc-notice-to-govt-over-vacant-posts-in-institutions-for-disabled.html ,0,0,,,,,
1515968109244747778,"RT @drag_org : Every disabled person is different, and it is unfair to paint all disabled people with the same broad brush, based on a stereotypical understanding of what they can do #RightToWork #NotNowThenWhen #UNCRPD #RPWDAct2016 https://t.co/C58eoiP00n",saudamini pethe,saudamini_pethe,2022-04-18T08:18:57.000Z,Mon Apr 18 08:18:57 +0000 2022,0,0,en,"<a href=""http://twitter.com/download/android"" rel=""nofollow"">Twitter for Android</a>",Retweet,https://indianexpress.com/article/opinion/columns/why-central-services-cannot-be-exempted-from-reservation-for-disabled-7863029/#l23tc1k6h20euehyh1j ,4,0,,,,,
1510850633620156416,RT @chhuti_is : College textbook in India. https://t.co/LOM4grizJq,saudamini pethe,saudamini_pethe,2022-04-04T05:23:55.000Z,Mon Apr 04 05:23:55 +0000 2022,0,0,en,"<a href=""http://twitter.com/download/android"" rel=""nofollow"">Twitter for Android</a>",Retweet,,0,0,photo,https://pbs.twimg.com/media/FPZ33s8X0AczSAv.jpg,,,
1507917179777601536,@DDNational @narendramodi @DD_Bharati Why is the graphic of American Sign Language with Caption of Indian Sign Language?,saudamini pethe,saudamini_pethe,2022-03-27T03:07:26.000Z,Sun Mar 27 03:07:26 +0000 2022,3,0,en,"<a href=""http://twitter.com/download/android"" rel=""nofollow"">Twitter for Android</a>",Reply,,0,3,,,,,
1507655820292489221,"RT @AnantBhan : Saudamini Pethe, All India Federation of Deaf Women also speaks about the need for accessibility and inclusivity. Barrier free access
There was a lot of impact of covid on #mentalhealth of deaf women 
Basic information not available to deaf women , lack of access to tech
@drsitu https://t.co/xR8mTcuAFV",saudamini pethe,saudamini_pethe,2022-03-26T09:48:53.000Z,Sat Mar 26 09:48:53 +0000 2022,0,0,en,"<a href=""http://twitter.com/download/android"" rel=""nofollow"">Twitter for Android</a>",Retweet,,1,1,photo,https://pbs.twimg.com/media/FGzQKwTVQAEP1vd.jpg,https://pbs.twimg.com/media/FGzQLf9VIAAHBwF.jpg,,
1505967531982725125,RT @tapas_bhardwaj : We want to live inclusion by being a part of the governance and policy formulation thanks @sardesairajdeep for bringing this issue in light https://t.co/3ITePgfpaf,saudamini pethe,saudamini_pethe,2022-03-21T18:00:13.000Z,Mon Mar 21 18:00:13 +0000 2022,0,0,en,"<a href=""http://twitter.com/download/android"" rel=""nofollow"">Twitter for Android</a>",Retweet,https://twitter.com/sardesairajdeep/status/1505907454499950595 ,0,1,,,,,
1505230635736076291,RT @chetnango : @chetnango is vice chair @NacgEvacIndia and is very active in strengthening state chapters in North India. Excellent initiative by its Delhi chapter organised on 10th March. RT @WorldVision @pecuc1 @jamghathomes @CRCAsia @NidhiPundhir08 @apfsocial https://t.co/hBiKQ1ry9K,saudamini pethe,saudamini_pethe,2022-03-19T17:12:04.000Z,Sat Mar 19 17:12:04 +0000 2022,0,0,en,"<a href=""http://twitter.com/download/android"" rel=""nofollow"">Twitter for Android</a>",Retweet,,0,8,photo,https://pbs.twimg.com/media/FNnWGQ6acAAHa9r.jpg,https://pbs.twimg.com/media/FNnWG34aMAA17kM.jpg,,
1501781930073006081,RT @alimchandani : Is there any database of ‚Äúsigns/gestures‚Äù ready online to use for incoming Ukraine (deaf) refugees to the USA? If so- pls share in DM.,saudamini pethe,saudamini_pethe,2022-03-10T04:48:08.000Z,Thu Mar 10 04:48:08 +0000 2022,0,0,en,"<a href=""http://twitter.com/download/android"" rel=""nofollow"">Twitter for Android</a>",Retweet,,0,0,,,,,
1499693572681256960,"RT @DeafWomenToo : Join us to learn about Feminism and Gender Equality with @kavita_krishnan for International Women's Day 2022.

Sun, 6th March at 6 PM 

Please register for zoom link &amp; share widely: 
 https://t.co/XdtnQZeUQc

See you!  https://t.co/my25MxOxbu https://t.co/MHopwPOkp8",saudamini pethe,saudamini_pethe,2022-03-04T10:29:45.000Z,Fri Mar 04 10:29:45 +0000 2022,0,0,en,"<a href=""http://twitter.com/download/android"" rel=""nofollow"">Twitter for Android</a>",Retweet,http://www.accessmantra.com/feminist https://twitter.com/DeafWomenToo/status/1499652394615185408/photo/1 ,0,1,photo,https://pbs.twimg.com/media/FM_dz4kaQAEbWLm.jpg,,,
1498156738088157186,"RT @ScottFeinberg : Watch the CODA cast react as they are announced as the winner of the best ensemble SAG Award! (This prize has presaged every big best picture Oscar upset since its introduction: SHAKESPEARE IN LOVE, CRASH, SPOTLIGHT and PARASITE!) https://t.co/ZODDHBh6i7",saudamini pethe,saudamini_pethe,2022-02-28T04:42:55.000Z,Mon Feb 28 04:42:55 +0000 2022,0,0,en,"<a href=""http://twitter.com/download/android"" rel=""nofollow"">Twitter for Android</a>",Retweet,,0,0,video,https://video.twimg.com/ext_tw_video/1498134396968177677/pu/vid/480x852/ZsEKU_lcKUJAQHJv.mp4?tag=12,,,
1498156390166458370,RT @SAGawards : This is CODA #sagawards https://t.co/kjjKAfmCKE,saudamini pethe,saudamini_pethe,2022-02-28T04:41:32.000Z,Mon Feb 28 04:41:32 +0000 2022,0,0,en,"<a href=""http://twitter.com/download/android"" rel=""nofollow"">Twitter for Android</a>",Retweet,,1,0,animated_gif,https://video.twimg.com/tweet_video/FMpiBh5UcAIkInP.mp4,,,
1498156326526263299,"RT @thedailymoth : Deaf actor Troy Kotsur won the SAG award for Outstanding Performance by a Male Supporting Actor for his role as a father and fisherman in the film ‚ÄúCODA.‚Äù 

Photo: Screenshot of #SAGAwards on TNT https://t.co/wcpV3c6RhG",saudamini pethe,saudamini_pethe,2022-02-28T04:41:17.000Z,Mon Feb 28 04:41:17 +0000 2022,0,0,en,"<a href=""http://twitter.com/download/android"" rel=""nofollow"">Twitter for Android</a>",Retweet,,1,0,photo,https://pbs.twimg.com/media/FMpXgSNWQAA_Xd-.jpg,,,
1497632798349295618,"RT @deaflawyers : INSIGHTS: DLAW, @deaflawyers  Executive Director Michael Steven Stein. partner at @SteinVargas, LLP. https://t.co/ea2UCZaxwO",saudamini pethe,saudamini_pethe,2022-02-26T18:00:58.000Z,Sat Feb 26 18:00:58 +0000 2022,0,0,en,"<a href=""http://twitter.com/download/android"" rel=""nofollow"">Twitter for Android</a>",Retweet,,0,2,photo,https://pbs.twimg.com/media/FMhJfE-WYAQnMxm.jpg,,,
1497079210350841856,"RT @DeafEducInt : If you are an academic in an area related to the education of deaf children and you are interested in becoming an anonymous reviewer, please email a brief CV using the email in the description below. Via @jillcduncan  #DeafEd #DeafEducation #AnonymousReviewer https://t.co/lg8GV0XlTg",saudamini pethe,saudamini_pethe,2022-02-25T05:21:12.000Z,Fri Feb 25 05:21:12 +0000 2022,0,0,en,"<a href=""http://twitter.com/download/android"" rel=""nofollow"">Twitter for Android</a>",Retweet,,3,1,photo,https://pbs.twimg.com/media/FMWAxSKagAQvkpn.jpg,,,
1495627438776553472,"Cochlear Implants are NOT a cure for Deafness. 
Such kinds of messages are so misleading and dangerous. 

These 'Doctors' need to be cured. 
*********

I appeal and request to spread this message as much as possible.

Post it on every group where you are a member.",saudamini pethe,saudamini_pethe,2022-02-21T05:12:23.000Z,Mon Feb 21 05:12:23 +0000 2022,9,4,en,"<a href=""http://twitter.com/download/android"" rel=""nofollow"">Twitter for Android</a>",Tweet,,0,0,,,,,
1495625209273262080,"RT @deaflawyers : INSIGHTS:   DLAW fellow Karin Janett Quijada Lovaton, from Peru. https://t.co/oGcHBtSpmP",saudamini pethe,saudamini_pethe,2022-02-21T05:03:31.000Z,Mon Feb 21 05:03:31 +0000 2022,0,0,in,"<a href=""http://twitter.com/download/android"" rel=""nofollow"">Twitter for Android</a>",Retweet,,0,0,photo,https://pbs.twimg.com/media/FMDjhwKXIAUoItH.jpg,,,
1493395784473079808,RT @Raindrops_NGO : Source: https://t.co/Uoctf854DX,saudamini pethe,saudamini_pethe,2022-02-15T01:24:35.000Z,Tue Feb 15 01:24:35 +0000 2022,0,0,en,"<a href=""http://twitter.com/download/android"" rel=""nofollow"">Twitter for Android</a>",Retweet,https://theprint.in/india/woman-with-disability-claims-she-was-denied-entry-into-raasta-pub-says-never-denied-service/828988/?fbclid=IwAR1S5T34rHzqZHmXNUjrOdyXiikF0TZgZrga0dlYlmyjmNi5ryQF8iJrqUE ,0,0,,,,,
1492769763587608577,"@PeasForTheWin @Srishhhh_tea @raastagurgaon Private or public, An Establishment is defined as both and subject to RPWD mandates.",saudamini pethe,saudamini_pethe,2022-02-13T07:57:00.000Z,Sun Feb 13 07:57:00 +0000 2022,0,0,en,"<a href=""http://twitter.com/download/android"" rel=""nofollow"">Twitter for Android</a>",Reply,,0,3,,,,,
1492769394987921413,@Srishhhh_tea @raastagurgaon Try complaining to top management level. I had done the same for a reputed Hospital. RPWD Act provides penalty against discrimination of PwDs.,saudamini pethe,saudamini_pethe,2022-02-13T07:55:32.000Z,Sun Feb 13 07:55:32 +0000 2022,0,0,en,"<a href=""http://twitter.com/download/android"" rel=""nofollow"">Twitter for Android</a>",Reply,,0,2,,,,,
1490160742976262148,RT @deaflawyers : INSIGHTS: @deaflawyers  Fellow DUMI PROSPHEN is advocating for a more inclusive legal system in Nigeria. She recently took up a Leadership position to advance her advocacy. https://t.co/dFxTn89W4g,saudamini pethe,saudamini_pethe,2022-02-06T03:09:41.000Z,Sun Feb 06 03:09:41 +0000 2022,0,0,en,"<a href=""http://twitter.com/download/android"" rel=""nofollow"">Twitter for Android</a>",Retweet,,0,1,photo,https://pbs.twimg.com/media/FK2Ky7pXwAAsqeT.jpg,,,
1470593797763436545,"RT @Raindrops_NGO : Cities cannot be made accessible without disabled-friendly transit options. Deaf Activist @saudamini_pethe writes for our #AccessibleCities campaign, giving a glimpse into the world of travel through the deaf lens.

Read the full blog‚¨áÔ∏è:
https://t.co/75HHaHTGNb https://t.co/NCMJgV265X",saudamini pethe,saudamini_pethe,2021-12-14T03:17:38.000Z,Tue Dec 14 03:17:38 +0000 2021,0,0,en,"<a href=""http://twitter.com/download/android"" rel=""nofollow"">Twitter for Android</a>",Retweet,https://raindropsfoundation.com/2021/12/12/bon-voyage-the-world-of-travel-through-deaf-lens/ ,1,1,photo,https://pbs.twimg.com/media/FGeQQCeVkAAMQ7T.jpg,,,
1466727833959419907,"RT @OlaMobilityInst : #InternationalDayOfPeopleWithDisability 

As we prepare to build a brave new resilient world after #COVID19, #accessibility &amp; #inclusion need to be a priority. Our latest report provides insights for an enabling policy to achieve this goal! 

Read üëâhttps://t.co/sBFXwELfqz https://t.co/O1eYEOHrFv",saudamini pethe,saudamini_pethe,2021-12-03T11:15:40.000Z,Fri Dec 03 11:15:40 +0000 2021,0,0,en,"<a href=""http://twitter.com/download/android"" rel=""nofollow"">Twitter for Android</a>",Retweet,https://bit.ly/3wQaDdO ,4,0,photo,https://pbs.twimg.com/media/FFqjYLVUcAcbB2j.jpg,,,
1466309305217388549,"RT @asapasia : #Indonesia #SRHR #SignLanguage #DisabilityHistoryMonth #menstruation #PeriodMatters #16DaysCampaign #16Days 

@Safe_Abortion @ThinkCREA @saudamini_pethe @DeafIGNITE @WFDeaf_org @RisingFlameNow @YoSHANepal  @myright_2choice @AgentsofIshq @YANSriLanka 

https://t.co/qu0Nq3uaqZ",saudamini pethe,saudamini_pethe,2021-12-02T07:32:35.000Z,Thu Dec 02 07:32:35 +0000 2021,0,0,und,"<a href=""http://twitter.com/download/android"" rel=""nofollow"">Twitter for Android</a>",Retweet,https://youtu.be/dtEF1P5vGmU ,8,10,,,,,
1465675401452154881,Thanks a ton @asapasia for the opportunity! https://t.co/i4q9WBGszU,saudamini pethe,saudamini_pethe,2021-11-30T13:33:41.000Z,Tue Nov 30 13:33:41 +0000 2021,5,1,en,"<a href=""http://twitter.com/download/android"" rel=""nofollow"">Twitter for Android</a>",Tweet,https://twitter.com/asapasia/status/1458689815302615042 ,0,1,,,,,
1461279422011437060,"RT @OlaMobilityInst : There is an urgent need to build #transport systems that are more #accessible &amp; inclusive for all, especially to include 100 million+ PwDs in #India. So, what can be done to improve it? Read our recent report by 
@apoorvkulkarni via @CNBCTV18News for more!
https://t.co/9mOzJzEGxX https://t.co/ZnXWSa1SgE",saudamini pethe,saudamini_pethe,2021-11-18T10:25:38.000Z,Thu Nov 18 10:25:38 +0000 2021,0,0,en,"<a href=""http://twitter.com/download/android"" rel=""nofollow"">Twitter for Android</a>",Retweet,https://cnbctv18.com/views/accessible-inclusive-transport-must-to-unlock-potential-of-100-million-indians-with-disabilities-11486282.htm ,3,2,photo,https://pbs.twimg.com/media/FEdBNZLUcAEj4t7.jpg,,,
1460770972340932616,"RT @OlaMobilityInst : #Launch | ‚ÄúWe need sensitisation and awareness campaigns to address concerns of different groups. Information should be available in all formats, not just through interpreters but other visual formats too.‚Äù @saudamini_pethe at the launch of @OlaMobilityInst's #OnTheMove report. https://t.co/QgQ15QD9M2",saudamini pethe,saudamini_pethe,2021-11-17T00:45:14.000Z,Wed Nov 17 00:45:14 +0000 2021,0,0,en,"<a href=""http://twitter.com/download/android"" rel=""nofollow"">Twitter for Android</a>",Retweet,,2,2,photo,https://pbs.twimg.com/media/FEULBALVkAQ_B-d.jpg,,,
1460770802287005697,@OlaMobilityInst Thanks a lot @OlaMobilityInst for the opportunity to discuss and share opinions and conerns of Deaf and disabled persons at the web launch. Very good initiative!!üëç,saudamini pethe,saudamini_pethe,2021-11-17T00:44:33.000Z,Wed Nov 17 00:44:33 +0000 2021,3,0,en,"<a href=""http://twitter.com/download/android"" rel=""nofollow"">Twitter for Android</a>",Reply,,0,2,,,,,
1460060356227727360,"RT @nipunmalhotra : Look forward to an interesting conversation on urban planning, mobility and accessibility https://t.co/yDypm0Tuw3",saudamini pethe,saudamini_pethe,2021-11-15T01:41:30.000Z,Mon Nov 15 01:41:30 +0000 2021,0,0,en,"<a href=""http://twitter.com/download/android"" rel=""nofollow"">Twitter for Android</a>",Retweet,https://twitter.com/OlaMobilityInst/status/1459047900588040195 ,0,0,,,,,
1460058176057839622,"RT @OlaMobilityInst : #RegisterNow | We thank @RamdasAthawale ji to be Chief Guest at the launch #OnTheMove report on Nov. 16 &amp; are equally excited to host Shri Thakur Datt Dhariyal, @nipunmalhotra, @muktaketan, @saudamini_pethe for what promises to be an engaging discussion.https://t.co/Gz6flqj59V https://t.co/0NXL9u9hGQ",saudamini pethe,saudamini_pethe,2021-11-15T01:32:50.000Z,Mon Nov 15 01:32:50 +0000 2021,0,0,en,"<a href=""http://twitter.com/download/android"" rel=""nofollow"">Twitter for Android</a>",Retweet,https://bit.ly/3kamGOb ,2,4,photo,https://pbs.twimg.com/media/FD-MZgDVQAAA0fz.jpg,,,
1459367702930157571,@drjosephjmurray Fingers crossed!,saudamini pethe,saudamini_pethe,2021-11-13T03:49:08.000Z,Sat Nov 13 03:49:08 +0000 2021,1,0,en,"<a href=""http://twitter.com/download/android"" rel=""nofollow"">Twitter for Android</a>",Reply,,0,1,,,,,
1459105595307421703,"RT @shreyaraman18 : When Akanksha*, a deaf person, missed her periods a few months after her wedding, her mother-in-law took her to a gynaecologist. The doctor asked her to wait outside after the check up and spoke to her mother-in-law.",saudamini pethe,saudamini_pethe,2021-11-12T10:27:37.000Z,Fri Nov 12 10:27:37 +0000 2021,0,0,en,"<a href=""http://twitter.com/download/android"" rel=""nofollow"">Twitter for Android</a>",Retweet,,0,0,,,,,
1458764965418913798,"https://t.co/42xqy2Kd8l
Thanks a lot @asapasia for this awesome opportunity ‚ù§Ô∏èüëç",saudamini pethe,saudamini_pethe,2021-11-11T11:54:04.000Z,Thu Nov 11 11:54:04 +0000 2021,8,2,en,"<a href=""http://twitter.com/download/android"" rel=""nofollow"">Twitter for Android</a>",Tweet,https://discussionsasap.wixsite.com/asapblog/post/deaf-community-engagement-a-sign-of-the-changing-times-interview-with-saudamini-pethe ,0,1,,,,,
1458364789621604354,"RT @OlaMobilityInst : #RegisterNow: We thank @RamdasAthawale ji to be Chief Guest at the launch #OnTheMove report on Nov. 16 &amp; are equally excited to host Shri Thakur Datt Dhariyal, @nipunmalhotra, @muktaketan, @saudamini_pethe for what promises to be an engaging discussion. 
üëâhttps://t.co/Gz6flqj59V https://t.co/g8VCJt1DZm",saudamini pethe,saudamini_pethe,2021-11-10T09:23:55.000Z,Wed Nov 10 09:23:55 +0000 2021,0,0,en,"<a href=""http://twitter.com/download/android"" rel=""nofollow"">Twitter for Android</a>",Retweet,https://bit.ly/3kamGOb ,2,4,photo,https://pbs.twimg.com/media/FD0aPBJVIAUpM1s.jpg,,,
1457241983630536705,"RT @BhumikaTrust : #International Disability Day
#Call for abstract
#International Conference
#Disability and Inclusion
BHUMIKA TRUST invites young scholars to submit their abstracts.
Please submit your abstract till 12th November 2021.
https://t.co/9CN99S8ojC
Visit us at : https://t.co/0BkhmB56KQ",saudamini pethe,saudamini_pethe,2021-11-07T07:02:17.000Z,Sun Nov 07 07:02:17 +0000 2021,0,0,en,"<a href=""http://twitter.com/download/android"" rel=""nofollow"">Twitter for Android</a>",Retweet,https://docs.google.com/forms/d/e/1FAIpQLSeoIRokHkAwZAJwPR2Ma0XVojrt_YTYAC2XdglJ1Z-ZDH0HWg/viewform?usp=sf_link https://bhumikatrust.org/ ,4,0,,,,,
1456660629847109634,@SniTaru üòçüéâüåüüí´,saudamini pethe,saudamini_pethe,2021-11-05T16:32:12.000Z,Fri Nov 05 16:32:12 +0000 2021,1,0,und,"<a href=""http://twitter.com/download/android"" rel=""nofollow"">Twitter for Android</a>",Reply,,0,1,,,,,
1454688002500792328,RT @GatherSisters : #SavePowaiLake https://t.co/nrQt10S7Bn,saudamini pethe,saudamini_pethe,2021-10-31T05:53:41.000Z,Sun Oct 31 05:53:41 +0000 2021,0,0,und,"<a href=""http://twitter.com/download/android"" rel=""nofollow"">Twitter for Android</a>",Retweet,https://twitter.com/FoundationMuse/status/1454076648169508867 ,1,0,,,,,
1445071851177201672,"WhatsApp down: Facebook, Instagram, WhatsApp, and Messenger down in global outage, company working on a fix - Technology News https://t.co/NHnu75frsZ",saudamini pethe,saudamini_pethe,2021-10-04T17:02:32.000Z,Mon Oct 04 17:02:32 +0000 2021,6,0,en,"<a href=""http://twitter.com/download/android"" rel=""nofollow"">Twitter for Android</a>",Tweet,https://www.indiatoday.in/technology/news/story/whatsapp-instagram-and-facebook-down-for-some-users-1860705-2021-10-04 ,0,0,,,,,
1436670773368811528,RT @alimchandani : Millions of Deaf travel by railways on daily basis. Often times there are announcements of change of platforms or cancellation of trips. How would Deaf be able to understand the announcements? It is time to make it accessible in ISL for such notifications. #inclusionwithISL https://t.co/L7ia8TgBFo,saudamini pethe,saudamini_pethe,2021-09-11T12:39:39.000Z,Sat Sep 11 12:39:39 +0000 2021,0,0,en,"<a href=""http://twitter.com/download/android"" rel=""nofollow"">Twitter for Android</a>",Retweet,,1,0,photo,https://pbs.twimg.com/media/E_AJusTVEAUvjNr.png,,,
1436628927657615361,RT @scribe_prashant : BJP Delhi spokesperson @TajinderBagga meanwhile! üëáüèºüëáüèº https://t.co/FvzJUfBJY4,saudamini pethe,saudamini_pethe,2021-09-11T09:53:22.000Z,Sat Sep 11 09:53:22 +0000 2021,0,0,en,"<a href=""http://twitter.com/download/android"" rel=""nofollow"">Twitter for Android</a>",Retweet,,0,1,video,https://video.twimg.com/ext_tw_video/1436620934085890050/pu/pl/DGeqtopy9IfYcoT3.m3u8?tag=12&container=fmp4,,,
1435261081375576066,RT @alimchandani : Check out our website https://t.co/LQfzdH6Qo3 to see more photos of places that need to be inclusive with ISL. #inclusionwithisl @IslrtcOfficial @PMOIndia @ncpedp_india @MSJEGOI @EduMinOfIndia,saudamini pethe,saudamini_pethe,2021-09-07T15:18:02.000Z,Tue Sep 07 15:18:02 +0000 2021,0,0,en,"<a href=""http://twitter.com/download/android"" rel=""nofollow"">Twitter for Android</a>",Retweet,http://www.inclusionwithisl.com ,1,4,,,,,
1434027993236586497,RT @alimchandani : #inclusionwithISL @narendramodi @PMOIndia https://t.co/v79LYtI4FI,saudamini pethe,saudamini_pethe,2021-09-04T05:38:11.000Z,Sat Sep 04 05:38:11 +0000 2021,0,0,und,"<a href=""http://twitter.com/download/android"" rel=""nofollow"">Twitter for Android</a>",Retweet,,1,2,photo,https://pbs.twimg.com/media/E-XpXpPVQAUsiy3.jpg,,,
1427831408047771650,"RT @leahmcelrath : First reported women‚Äôs protest in Kabul following the takeover by the Taliban:

Four women holding handwritten paper signs stand surrounded by armed Taliban fighters

Indescribable courage:
https://t.co/1HtpQ4X2ip",saudamini pethe,saudamini_pethe,2021-08-18T03:15:10.000Z,Wed Aug 18 03:15:10 +0000 2021,0,0,en,"<a href=""http://twitter.com/download/android"" rel=""nofollow"">Twitter for Android</a>",Retweet,,0,0,video,https://video.twimg.com/ext_tw_video/1427565995519008774/pu/vid/320x564/HzOmj1862Y7twY3M.mp4?tag=12,,,
1427815033187147777,"RT @ColinAllenAM : I was thrilled to see a Deaf Interpreter working at the Australian Prime Minister‚Äôs Press Conference today. I believe this is the first time ever in the history of these conferences that a Deaf Interpreter has been featured!
Thank you @auslanservices' commitment to supporting CDI https://t.co/xBkFthWwfJ",saudamini pethe,saudamini_pethe,2021-08-18T02:10:06.000Z,Wed Aug 18 02:10:06 +0000 2021,0,0,en,"<a href=""http://twitter.com/download/android"" rel=""nofollow"">Twitter for Android</a>",Retweet,https://twitter.com/SBSNews/status/1427474901284257792 ,0,1,,,,,
1427322256389120017,"RT @SnehaDasGupta18 : Closed captions were not available in PM speech on Independence Day! The deaf and hard of hearing who rely on captions for access felt  excluded. Let's campaign for providing PM speeech next time. 
#deafneedscaption
#livecaptionsforpmspeech
@PMO @MOIB @socialpwds @Doordashan",saudamini pethe,saudamini_pethe,2021-08-16T17:31:58.000Z,Mon Aug 16 17:31:58 +0000 2021,0,0,en,"<a href=""http://twitter.com/download/android"" rel=""nofollow"">Twitter for Android</a>",Retweet,,2,4,,,,,
1407756573506560002,RT @NoidaDeafSoc : https://t.co/nRf9u6Chy8 https://t.co/nRf9u6Chy8,saudamini pethe,saudamini_pethe,2021-06-23T17:44:56.000Z,Wed Jun 23 17:44:56 +0000 2021,0,0,und,"<a href=""http://twitter.com/download/android"" rel=""nofollow"">Twitter for Android</a>",Retweet,https://youtu.be/pxoQYRus1ww https://youtu.be/pxoQYRus1ww ,0,0,,,,,
1407756511086923778,"RT @NoidaDeafSoc : #WeStandWithNDS  #NoidaDeafSocietyAgainstConversion  #AntiTerrorismSquadUP #Deafunityindia

@ZeeNews @ABPNews @abplivenews @IndiaToday @indiatv @DainikBhaskar @JagranNews @AmarUjalaNews @aajtak @HindustanTimes @indiatimes https://t.co/ZNWe5N2j3M",saudamini pethe,saudamini_pethe,2021-06-23T17:44:41.000Z,Wed Jun 23 17:44:41 +0000 2021,0,0,und,"<a href=""http://twitter.com/download/android"" rel=""nofollow"">Twitter for Android</a>",Retweet,,4,10,photo,https://pbs.twimg.com/media/E4lXqWDVkAQZcbP.jpg,,,
1407756422201307136,@NoidaDeafSoc @ZeeNews @ABPNews @abplivenews @IndiaToday @indiatv @DainikBhaskar @JagranNews @AmarUjalaNews @aajtak @HindustanTimes @indiatimes #westandwithNDS,saudamini pethe,saudamini_pethe,2021-06-23T17:44:20.000Z,Wed Jun 23 17:44:20 +0000 2021,2,0,und,"<a href=""http://twitter.com/download/android"" rel=""nofollow"">Twitter for Android</a>",Reply,,1,11,,,,,
1401163366794625033,RT @alimchandani : Attended a webinar on ‚ÄúDisability Inclusion in Schools‚Äù. The irony- they neither provided captions nor a sign langauge interpreter. Can we request them to acknowledge the accessibility requirement &amp; provide it? @MSJEGOI @EduMinOfIndia @ncert @access_anjlee @NITIAayog @UNinIndia,saudamini pethe,saudamini_pethe,2021-06-05T13:05:53.000Z,Sat Jun 05 13:05:53 +0000 2021,0,0,en,"<a href=""http://twitter.com/download/android"" rel=""nofollow"">Twitter for Android</a>",Retweet,,0,6,,,,,
1362961978390503426,"@ysjagan how about a hypocrisy, sycophancy free state, et all? https://t.co/2xfqVqvhGL",saudamini pethe,saudamini_pethe,2021-02-20T03:07:12.000Z,Sat Feb 20 03:07:12 +0000 2021,1,0,en,"<a href=""http://twitter.com/download/android"" rel=""nofollow"">Twitter for Android</a>",Tweet,,0,1,photo,https://pbs.twimg.com/media/Euo2sHwUUAg_8oT.jpg,https://pbs.twimg.com/media/Euo2sf8VIAApDot.jpg,,
1360417280669093894,"RT @ncpedp_india : #Blindness , #disability no bar to being judge: SC | India News - Times of India https://t.co/wEqUFrCSYa",saudamini pethe,saudamini_pethe,2021-02-13T02:35:29.000Z,Sat Feb 13 02:35:29 +0000 2021,0,0,en,"<a href=""http://twitter.com/download/android"" rel=""nofollow"">Twitter for Android</a>",Retweet,https://timesofindia.indiatimes.com/india/blindness-disability-no-bar-to-being-judge-sc/articleshow/80871072.cms ,2,0,,,,,
1357160163833126912,RT @pbhushan1 : It is a measure of the insensitivity of our judiciary towards civil liberties that this journalist who went to cover the brutal rape and murder of the Hathras dalit girl is still in jail! It's criminal indifference https://t.co/suyBPtzvPH,saudamini pethe,saudamini_pethe,2021-02-04T02:52:52.000Z,Thu Feb 04 02:52:52 +0000 2021,0,0,en,"<a href=""http://twitter.com/download/android"" rel=""nofollow"">Twitter for Android</a>",Retweet,,0,0,photo,https://pbs.twimg.com/media/EtRi1WdUcAARKUg.jpg,,,
1356548277676593159,"RT @drag_org : #NothingAboutUs Rs. 1325.39 estimated last time, has been further reduced to Rs. 1171.77 crores this time in union Budget for Persons with Disabilities . #Notnowthenwhen #LeaveNoOneBehind #UNCRPD #RPWDAct2016 #BuildBackBetter https://t.co/dQkCSFDOk3",saudamini pethe,saudamini_pethe,2021-02-02T10:21:27.000Z,Tue Feb 02 10:21:27 +0000 2021,0,0,en,"<a href=""http://twitter.com/download/android"" rel=""nofollow"">Twitter for Android</a>",Retweet,,6,0,photo,https://pbs.twimg.com/media/EtJ14WGXEAMFBYY.jpg,https://pbs.twimg.com/media/EtJ17KJW8AUFMTw.jpg,https://pbs.twimg.com/media/EtJ2CEoXAAgW8wp.jpg,
1351220063127351297,RT @singhnathram : Sucha cruel incident! Wewantjustice forthegirl!Stop rape.Punishthe culprits!Nomore violence against woman.Strict actionshould betaken.#JusticeForDeafGirl @nipunmalhotra @TCGEHLOT @SavetheChildren @savechildrenuk @GallaudetU @TwitterSupport @mygovindia @BeingSalmanKhan @socialpwds https://t.co/xbdNZsKWU6,saudamini pethe,saudamini_pethe,2021-01-18T17:29:02.000Z,Mon Jan 18 17:29:02 +0000 2021,0,0,en,"<a href=""http://twitter.com/download/android"" rel=""nofollow"">Twitter for Android</a>",Retweet,,1,9,photo,https://pbs.twimg.com/media/Err4PrhVkAUC128.jpg,https://pbs.twimg.com/media/Err4QTzUYAExsOk.jpg,https://pbs.twimg.com/media/Err4Q6bU0AA-47z.jpg,https://pbs.twimg.com/media/Err4RGIVQAER10X.jpg
1342305506459697155,"RT @pbhushan1 : First they came for activists; then they came for students; then they came for farmers; now they are coming for their lawyers; Next, they will come for you.
Will you call this a Democracy?
We will all have to fight this together. https://t.co/ZggkHS3uyk",saudamini pethe,saudamini_pethe,2020-12-25T03:05:46.000Z,Fri Dec 25 03:05:46 +0000 2020,0,0,en,"<a href=""http://twitter.com/download/android"" rel=""nofollow"">Twitter for Android</a>",Retweet,https://twitter.com/AdityaMenon22/status/1342029160147894274 ,0,0,,,,,
1341563401743396865,"RT @QueerDeaf : ‚ÄúHow come if your a Culturally Deaf person you don‚Äôt sign as fast as I‚Äôve seen other people sign‚Äù 

A question I should have never had to publicly defend myself on, but it‚Äôs happened so often I feel I have to. 

I am also Autistic. 1/",saudamini pethe,saudamini_pethe,2020-12-23T01:56:54.000Z,Wed Dec 23 01:56:54 +0000 2020,0,0,en,"<a href=""http://twitter.com/download/android"" rel=""nofollow"">Twitter for Android</a>",Retweet,,0,0,,,,,
1334691769141796865,"RT @alimchandani : In celebration of International Day of Persons with Disabilities, this is a message for you all to remember to caption your videos on social media platforms. #IDPWD2020 #accessibility #CaptionPlease https://t.co/nLvbISQnv1",saudamini pethe,saudamini_pethe,2020-12-04T02:51:29.000Z,Fri Dec 04 02:51:29 +0000 2020,0,0,en,"<a href=""http://twitter.com/download/android"" rel=""nofollow"">Twitter for Android</a>",Retweet,,3,0,video,https://video.twimg.com/ext_tw_video/1334512128246607880/pu/vid/320x568/fWDMMjcdDUjosfNK.mp4?tag=10,,,
1334491441523920897,"RT @sladmh : ‡§∏‡•á‡§µ‡§æ ‡§Æ‡•á,
‡§ú‡§ø‡§≤‡§æ ‡§ï‡§≤‡•á‡§ï‡•ç‡§ü‡§∞,
‡§µ‡§ø‡§∂‡•ç‡§µ ‡§µ‡§ø‡§ï‡§≤‡§æ‡§Ç‡§ó ‡§¶‡§ø‡§µ‡§∏ 03 ‡§¶‡§ø‡§∏‡§Ç‡§¨‡§∞ 2020 ‡§ï‡•ã ‡§Æ‡§®‡§æ‡§Ø‡§æ ‡§ú‡§æ ‡§∞‡§π‡§æ ‡§π‡•à‡•§  ‡§Ø‡§π ‡§™‡§§‡•ç‡§∞ ‡§¨‡§π‡§∞‡•á ‡§î‡§∞ ‡§ó‡•Ç‡§Ç‡§ó‡•á ‡§ï‡•Ä ‡§∏‡§Æ‡§∏‡•ç‡§Ø‡§æ‡§ì‡§Ç ‡§ï‡•á ‡§≤‡§ø‡§è ‡§∏‡§∞‡§ï‡§æ‡§∞ ‡§ï‡§æ ‡§ß‡•ç‡§Ø‡§æ‡§® ‡§Ü‡§ï‡§∞‡•ç‡§∑‡§ø‡§§ ‡§ï‡§∞‡§§‡§æ ‡§π‡•à ‡§î‡§∞ ‡§π‡§Æ‡§æ‡§∞‡•Ä ‡§Æ‡§æ‡§Ç‡§ó‡•ã‡§Ç ‡§ï‡•á ‡§§‡§§‡•ç‡§ï‡§æ‡§≤ ‡§∏‡§Æ‡§æ‡§ß‡§æ‡§® ‡§ï‡•Ä ‡§Ø‡•ã‡§ú‡§®‡§æ ‡§¨‡§®‡§æ‡§®‡•á ‡§ï‡•á ‡§≤‡§ø‡§Ø‡•á ‡§Ö‡§®‡•Å‡§∞‡•ã‡§ß ‡§π‡•à‡•§
‡§µ‡§ø‡§∂‡•ç‡§µ ‡§µ‡§ø‡§ï‡§≤‡§æ‡§Ç‡§ó ‡§¶‡§ø‡§µ‡§∏ ‡§Æ‡•Å‡§¨‡§æ‡§∞‡§ï ‡§π‡•ã. @socialpwds @dhananjay_munde https://t.co/ZzTPEqo6Cy",saudamini pethe,saudamini_pethe,2020-12-03T13:35:27.000Z,Thu Dec 03 13:35:27 +0000 2020,0,0,hi,"<a href=""http://twitter.com/download/android"" rel=""nofollow"">Twitter for Android</a>",Retweet,,0,2,photo,https://pbs.twimg.com/media/EoTl0GoXIAEF_2y.jpg,https://pbs.twimg.com/media/EoTl0GiWEAIgJfk.jpg,https://pbs.twimg.com/media/EoTl0GpW4AApBTl.jpg,https://pbs.twimg.com/media/EoTl0GnXEAARCET.jpg
1332354702906855426,RT @atti_cus : ‚ÄúYe inquilab hai sir.‚Äù https://t.co/9IfhR9K6OA,saudamini pethe,saudamini_pethe,2020-11-27T16:04:49.000Z,Fri Nov 27 16:04:49 +0000 2020,0,0,en,"<a href=""http://twitter.com/download/android"" rel=""nofollow"">Twitter for Android</a>",Retweet,,0,0,video,https://video.twimg.com/ext_tw_video/1332189081338478594/pu/vid/640x360/xg2JsIt5KNtflewz.mp4?tag=10,,,
1332351731204722690,"RT @Varna : Introducing ImpactMojo, a small effort to help bring data literacy, critical thinking and measurement know-how to anyone interested. If you're interested sign-up! I can promise a stellar learning experience, at affordable prices with a really comprehensive curriculum. #learndev https://t.co/IcAQH2rHmm",saudamini pethe,saudamini_pethe,2020-11-27T15:53:01.000Z,Fri Nov 27 15:53:01 +0000 2020,0,0,en,"<a href=""http://twitter.com/download/android"" rel=""nofollow"">Twitter for Android</a>",Retweet,,1,0,photo,https://pbs.twimg.com/media/En1vSMYVEAE9CyP.jpg,,,
1331402971658108929,"RT @GatherSisters : Please amplify!! 
#Urgent https://t.co/M9SlfdO49q",saudamini pethe,saudamini_pethe,2020-11-25T01:02:59.000Z,Wed Nov 25 01:02:59 +0000 2020,0,0,en,"<a href=""http://twitter.com/download/android"" rel=""nofollow"">Twitter for Android</a>",Retweet,https://twitter.com/ShabnamHashmi/status/1331187015132475392 ,1,0,,,,,
1331101702326427651,"RT @GatherSisters : Dear sisters, 

Tonight we're levelling-up on Indian Family Law every woman needs to know going in AND out of a marriage. 

For seekers of happily ever after &amp; happily, here after.

See you at 7! ‚öñÔ∏èüë©üèæ‚Äç‚öñÔ∏èüìöüßê 

Info: https://t.co/9aJJlqDi3G

#KnowledgeIsPower 
#SisterhoodSaves https://t.co/dR26zlMolX",saudamini pethe,saudamini_pethe,2020-11-24T05:05:51.000Z,Tue Nov 24 05:05:51 +0000 2020,0,0,en,"<a href=""http://twitter.com/download/android"" rel=""nofollow"">Twitter for Android</a>",Retweet,https://www.facebook.com/events/692891594980231/ ,2,0,photo,https://pbs.twimg.com/media/Enj4D-xVkAMonLU.jpg,,,
1328665330999128066,"RT @GatherSisters : We'll be live at 7 pm!

‚úäüèæüíõ https://t.co/57LtFStiuW",saudamini pethe,saudamini_pethe,2020-11-17T11:44:34.000Z,Tue Nov 17 11:44:34 +0000 2020,0,0,en,"<a href=""http://twitter.com/download/android"" rel=""nofollow"">Twitter for Android</a>",Retweet,https://twitter.com/GatherSisters/status/1328243309572100097 ,0,0,,,,,
1324258893371863040,"RT @DoubleDownNews : ""The oligarchs have discovered the formula for persuading the poor to vote for the interests of the very rich‚Äù

- @GeorgeMonbiot https://t.co/kTDc95sbhT",saudamini pethe,saudamini_pethe,2020-11-05T07:54:58.000Z,Thu Nov 05 07:54:58 +0000 2020,0,0,en,"<a href=""http://twitter.com/download/android"" rel=""nofollow"">Twitter for Android</a>",Retweet,,0,1,video,https://video.twimg.com/amplify_video/1284196775880990725/pl/AoKaUdD2jX0_XtED.m3u8?tag=13&v=fb2,,,
1323559444857327616,"RT @GatherSisters : We are delighted to announce that @WorldInSign1 is sponsoring the sign language interpreters for this legal literacy series. Thank you!

Deaf women from around the country are benefiting from this series, thanks to the tireless advocacy work of @pallavitura &amp; @saudamini_pethe https://t.co/vJSoggeeeL",saudamini pethe,saudamini_pethe,2020-11-03T09:35:36.000Z,Tue Nov 03 09:35:36 +0000 2020,0,0,en,"<a href=""http://twitter.com/download/android"" rel=""nofollow"">Twitter for Android</a>",Retweet,,0,3,photo,https://pbs.twimg.com/media/El4YTM5VkAIlz51.jpg,,,
1323559188958638081,"RT @FeminismInIndia : Written as a letter to the soul of a murdered hearing-impared #rape victim, the article appeals to stakeholders to understand the dire need of early intervention methods for the empowerment of a deaf and mute child. - @saudamini_pethe 
#Disability

https://t.co/kbY9hlQPjt",saudamini pethe,saudamini_pethe,2020-11-03T09:34:35.000Z,Tue Nov 03 09:34:35 +0000 2020,0,0,en,"<a href=""http://twitter.com/download/android"" rel=""nofollow"">Twitter for Android</a>",Retweet,https://feminisminindia.com/2020/11/02/deaf-girl-rape-palwal/ ,2,1,,,,,
1321845204316418049,"https://t.co/0e89CD6jHI
Hi everyone this is my first video on legal literacy series. Pls like, share and subscribe my channel so you will get a notification when I will post a video. Thank you.
@GatherSisters @pallavitura @tahini_b @sarkaramrita14",saudamini pethe,saudamini_pethe,2020-10-29T16:03:50.000Z,Thu Oct 29 16:03:50 +0000 2020,22,3,en,"<a href=""http://twitter.com/download/android"" rel=""nofollow"">Twitter for Android</a>",Tweet,https://youtu.be/DRjqpkImwzw ,0,3,,,,,
1321153201115000834,"RT @GatherSisters : #2 of 8-part Legal Literacy Series!

We take a walk through the legal system to demystify terms, caveats, procedures, roles &amp; powers of office bearers you'll encounter from local police station to Supreme Court of India.

Tuesdays, 7 - 8:30 pm

Info:https://t.co/DBLYjBQizY

üë©üèæ‚Äç‚öñÔ∏è‚öñÔ∏è https://t.co/lW1gRtmCMt https://t.co/wG478MnGMt",saudamini pethe,saudamini_pethe,2020-10-27T18:14:03.000Z,Tue Oct 27 18:14:03 +0000 2020,0,0,en,"<a href=""http://twitter.com/download/android"" rel=""nofollow"">Twitter for Android</a>",Retweet,https://www.facebook.com/events/692891578313566 https://twitter.com/GatherSisters/status/1318446445305868288 ,0,0,photo,https://pbs.twimg.com/media/ElUZRhFUcAAEqcy.jpg,,,
1318583916366766084,@GatherSisters @sarkaramrita14 @tahini_b @KLNA_23 @pallavitura It was the best session I had with so much inclusion and accessibility! thanks  a ton @GatherSisters team!,saudamini pethe,saudamini_pethe,2020-10-20T16:04:38.000Z,Tue Oct 20 16:04:38 +0000 2020,4,1,en,"<a href=""http://twitter.com/download/android"" rel=""nofollow"">Twitter for Android</a>",Reply,,0,5,,,,,
1317153647298367490,RT @pbhushan1 : This govt amended FCRA to allow foreign funding of political parties. Then removed cap on corporate donations to parties. Also introduced Electoral Bonds to allow corporates to give bribes anonymously to Parties. Now no info on PM-Cares! No wonder BJP can spend 50K Cr on election,saudamini pethe,saudamini_pethe,2020-10-16T17:21:15.000Z,Fri Oct 16 17:21:15 +0000 2020,0,0,en,"<a href=""http://twitter.com/download/android"" rel=""nofollow"">Twitter for Android</a>",Retweet,,0,0,,,,,
1316365777897877505,@YouthKiAwaaz @accessmantra @RishadShameer Thanks a lot!,saudamini pethe,saudamini_pethe,2020-10-14T13:10:33.000Z,Wed Oct 14 13:10:33 +0000 2020,0,0,en,"<a href=""http://twitter.com/download/android"" rel=""nofollow"">Twitter for Android</a>",Reply,,0,3,,,,,
1316365280017145857,RT @india_nad : #DeafEducation #ISL #IndianSignLanguage @HomeAffairsMin @AmitShah @EduMinOfIndia @DrRPNishank @MSJEGOI @TCGEHLOT @socialpwds @wfdeaf1 @drjosephjmurray @ncpedp_india @timesofindia https://t.co/HdrrWPFlrX,saudamini pethe,saudamini_pethe,2020-10-14T13:08:34.000Z,Wed Oct 14 13:08:34 +0000 2020,0,0,und,"<a href=""http://twitter.com/download/android"" rel=""nofollow"">Twitter for Android</a>",Retweet,,3,11,photo,https://pbs.twimg.com/media/EkL9QXYUwAQ1asz.jpg,,,
1315959072651276288,"RT @YouthKiAwaaz : TW: Rape
@saudamini_pethe, a deaf rights activist and a trustee at @accessmantra, voices their concern on the rape of a minor deaf girl in Palwal, Haryana.  https://t.co/bmSqfzJW30 @RishadShameer #DayOfTheGirl",saudamini pethe,saudamini_pethe,2020-10-13T10:14:26.000Z,Tue Oct 13 10:14:26 +0000 2020,0,0,en,"<a href=""http://twitter.com/download/android"" rel=""nofollow"">Twitter for Android</a>",Retweet,https://bit.ly/34HMcBI ,1,3,,,,,
1315958977155354625,@IndiaMeToo Thanks a lot!üôè,saudamini pethe,saudamini_pethe,2020-10-13T10:14:04.000Z,Tue Oct 13 10:14:04 +0000 2020,1,0,en,"<a href=""http://twitter.com/download/android"" rel=""nofollow"">Twitter for Android</a>",Reply,,0,1,,,,,
1315958848809705473,"RT @IndiaMeToo : Today as many men and women take to the streets, spare a thought also for the brutal rape and murder of a 10-year-old deaf girl in Haryana last month. Many from the deaf community have been rallying for justice in this case for a month. @saudamini_pethe https://t.co/inq679RYjx",saudamini pethe,saudamini_pethe,2020-10-13T10:13:33.000Z,Tue Oct 13 10:13:33 +0000 2020,0,0,en,"<a href=""http://twitter.com/download/android"" rel=""nofollow"">Twitter for Android</a>",Retweet,https://www.youthkiawaaz.com/2020/10/an-open-letter-to-the-deaf-daughter-at-palwal/amp/?__twitter_impression=true ,0,1,,,,,
1315500982504026113,https://t.co/wrCg2UlgeV,saudamini pethe,saudamini_pethe,2020-10-12T03:54:09.000Z,Mon Oct 12 03:54:09 +0000 2020,1,2,und,"<a href=""http://twitter.com/download/android"" rel=""nofollow"">Twitter for Android</a>",Tweet,https://varna.scrollstack.com/post/1799/The-Hats-Our-Kids-Should-Never-Wear ,0,0,,,,,
1314832502209429504,"RT @GatherSisters : #JaiBhim 

At Ambedkar Bhavan right now https://t.co/tcV0P4Fb6S",saudamini pethe,saudamini_pethe,2020-10-10T07:37:51.000Z,Sat Oct 10 07:37:51 +0000 2020,0,0,en,"<a href=""http://twitter.com/download/android"" rel=""nofollow"">Twitter for Android</a>",Retweet,,1,0,photo,https://pbs.twimg.com/media/Ej8g64kU8AA432r.jpg,,,
1314459491245592576,"RT @Tithiya : 50+ calls over 3 days to 3 mobile numbers listed for MLA @Saurabh_MLAgk's office

Official babu's are deliberately not answering my calls, I'm unable to get a meeting or reply.

Perhaps protecting the person I want to speak to MLA about?

@AamAadmiParty @ArvindKejriwal @AtishiAAP",saudamini pethe,saudamini_pethe,2020-10-09T06:55:38.000Z,Fri Oct 09 06:55:38 +0000 2020,0,0,en,"<a href=""http://twitter.com/download/android"" rel=""nofollow"">Twitter for Android</a>",Retweet,,0,4,,,,,
1314060874601033731,"RT @GatherSisters : We're moving into women-headed households!

If you're a single parent, or were single parented, tell us how patriarchy ring-fenced you, even as you became living proof of it's elaborate con.

Let's talk paperwork, guilt, finances &amp; more

Info:https://t.co/VvZEHcLnfb

Pls RT! üíõ‚úäüèæ https://t.co/gxgrOJoVZv",saudamini pethe,saudamini_pethe,2020-10-08T04:31:41.000Z,Thu Oct 08 04:31:41 +0000 2020,0,0,en,"<a href=""http://twitter.com/download/android"" rel=""nofollow"">Twitter for Android</a>",Retweet,https://www.facebook.com/events/345328186524781 ,0,0,photo,https://pbs.twimg.com/media/Ejxr1duVcAEXFHX.jpg,,,
1311850920326520833,"RT @SniTaru : Teach your daughter to Slap in Public and Break Leg... 
GOL ROTI CAN WAIT",saudamini pethe,saudamini_pethe,2020-10-02T02:10:07.000Z,Fri Oct 02 02:10:07 +0000 2020,0,0,en,"<a href=""http://twitter.com/download/android"" rel=""nofollow"">Twitter for Android</a>",Retweet,,0,0,,,,,
1309887628733374471,"RT @RishadShameer : Congrats @cmohry for launching video modules on JJ &amp; POCSO Acts Kindly ensure that Justice is also met on the ground! On 24 Aug a 10 year old Deaf girl was brutally raped and murdered in Paingaltu, Palwal. @saudamini_pethe
@mlkhattar
@police_haryana

https://t.co/qYISidQVeO",saudamini pethe,saudamini_pethe,2020-09-26T16:08:41.000Z,Sat Sep 26 16:08:41 +0000 2020,0,0,en,"<a href=""http://twitter.com/download/android"" rel=""nofollow"">Twitter for Android</a>",Retweet,https://www.dailypioneer.com:443/2020/state-editions/khattar-launches-video-module-of-jj-act--pocso-act-for-hearing-impaired.html ,0,4,,,,,
1309887322956001280,"RT @srvterp : Cold blooded rape and murder of 10 year old deaf girl in #Haryana Palwal District on August 25. Almost a month now. SSR Deepika Bollywood but this tragic death, ensuring justice &amp; safety for the family &amp; her other siblings isn‚Äôt imp enough @livewire  @ndtv @PressTrustIndia",saudamini pethe,saudamini_pethe,2020-09-26T16:07:28.000Z,Sat Sep 26 16:07:28 +0000 2020,0,0,en,"<a href=""http://twitter.com/download/android"" rel=""nofollow"">Twitter for Android</a>",Retweet,,1,3,,,,,
1309472591837495296,RT @RishadShameer : @saudamini_pethe is the deaf activist taking the lead We went to the Mini-Secretariat of Palwal met the ADC &amp; CWC Committee and DLSA have appointed a lawyer for the case Now all is dependent on the forensics report pls ensure it is done properly@cmohry @mlkhattar @police_haryana,saudamini pethe,saudamini_pethe,2020-09-25T12:39:29.000Z,Fri Sep 25 12:39:29 +0000 2020,0,0,en,"<a href=""http://twitter.com/download/android"" rel=""nofollow"">Twitter for Android</a>",Retweet,,0,3,,,,,
1309408144984911872,"@hsccwharyana @cmohry
The saddest irony of all - video modules launched &amp; we still have to struggle for Justice for the rape of a 10 year old deaf girl, murdered brutally in Haryana!üò¢ https://t.co/wVqYnL0pgi",saudamini pethe,saudamini_pethe,2020-09-25T08:23:24.000Z,Fri Sep 25 08:23:24 +0000 2020,18,12,en,"<a href=""http://twitter.com/download/android"" rel=""nofollow"">Twitter for Android</a>",Tweet,,0,2,photo,https://pbs.twimg.com/media/EivzwfHXsAAmwo8.jpg,,,
1308635030197993472,@pallavitura @MasalaBai Humbled by your trust in me!‚ù£Ô∏èüôè Thanks a lot dear!!,saudamini pethe,saudamini_pethe,2020-09-23T05:11:19.000Z,Wed Sep 23 05:11:19 +0000 2020,2,0,en,"<a href=""http://twitter.com/download/android"" rel=""nofollow"">Twitter for Android</a>",Reply,,0,2,,,,,
1305108842900934659,RT @sharmaptvikas : @mlkhattar @cmohry  @police_haryana 10 ‡§µ‡§∞‡•ç‡§∑‡•Ä‡§Ø ‡§Æ‡•Ç‡§ï-‡§¨‡§ß‡§ø‡§∞ ‡§¨‡§ö‡•ç‡§ö‡•Ä ‡§ï‡•á ‡§∏‡§æ‡§• @palwalpolice ‡§™‡§≤‡§µ‡§≤ ‡§ï‡•á ‡§π‡•ã‡§°‡§≤ ‡§•‡§æ‡§®‡§æ ‡§ï‡•ç‡§∑‡•á‡§§‡•ç‡§∞ ‡§ï‡•á ‡§è‡§ï ‡§ó‡§æ‡§Å‡§µ ‡§Æ‡•á‡§Ç ‡§π‡•Å‡§è ‡§ú‡§ò‡§®‡•ç‡§Ø ‡§Ö‡§™‡§∞‡§æ‡§ß ‡§¶‡•Å‡§∑‡•ç‡§ï‡§∞‡•ç‡§Æ ‡§ï‡§∞ ‡§â‡§∏‡§ï‡•Ä ‡§π‡§§‡•ç‡§Ø‡§æ ‡§ï‡§∞‡§®‡•á ‡§µ‡§æ‡§≤‡•á ‡§Ü‡§∞‡•ã‡§™‡§ø‡§Ø‡•ã‡§Ç ‡§ï‡•ã ‡§∏‡§ñ‡•ç‡§§ ‡§∏‡•á ‡§∏‡§ñ‡•ç‡§§ ‡§∏‡§ú‡§º‡§æ ‡§¶‡§ø‡§≤‡§æ‡§Ø‡•Ä ‡§ú‡§æ‡§Ø‡•á‡§Ç ‡§â‡§®‡§ï‡•á ‡§ñ‡§ø‡§≤‡§æ‡§´ ‡§∏‡§æ‡§ï‡•ç‡§∑‡•ç‡§Ø‡•ã‡§Ç ‡§ï‡•á ‡§∏‡§æ‡§• ‡§Ü‡§µ‡§∂‡•ç‡§Ø‡§ï ‡§ß‡§æ‡§∞‡§æ‡§ì‡§Ç ‡§Æ‡•á‡§Ç ‡§Ü‡§∞‡•ã‡§™ ‡§™‡§§‡•ç‡§∞ ‡§¶‡§æ‡§ñ‡§ø‡§≤ ‡§π‡•ã https://t.co/pj2NDdeOhL,saudamini pethe,saudamini_pethe,2020-09-13T11:39:30.000Z,Sun Sep 13 11:39:30 +0000 2020,0,0,hi,"<a href=""http://twitter.com/download/android"" rel=""nofollow"">Twitter for Android</a>",Retweet,,0,4,photo,https://pbs.twimg.com/media/EhysqmYU4AAnCVy.jpg,,,
1304670659994218497,@surbhi_karwa What's worse is the old gen women too join the men in the name of tradition to stop new gen girls to achieve their dreams!,saudamini pethe,saudamini_pethe,2020-09-12T06:38:19.000Z,Sat Sep 12 06:38:19 +0000 2020,0,0,en,"<a href=""https://mobile.twitter.com"" rel=""nofollow"">Twitter Web App</a>",Reply,,0,1,,,,,
1302806079236009984,@Anita_ekansh @cmohry @highereduHRY @EduMinOfIndia @MSJEGOI Thanks for your reply. My current interpreter is well versed in legal studies since he has done MA in Political Science. The issue here is not about legal terms in ISL. My problem is availability of funds for hiring team interpreter. So pls let's stay focused and resolve that.,saudamini pethe,saudamini_pethe,2020-09-07T03:09:08.000Z,Mon Sep 07 03:09:08 +0000 2020,0,0,en,"<a href=""http://twitter.com/download/android"" rel=""nofollow"">Twitter for Android</a>",Reply,,0,5,,,,,
1302804915350192129,RT @AIFDW1 : Rape of 10 year old deaf girl Jyoti we want justice for her please support and share #JusticeforJyoti https://t.co/P2L9AI4wGP,saudamini pethe,saudamini_pethe,2020-09-07T03:04:31.000Z,Mon Sep 07 03:04:31 +0000 2020,0,0,en,"<a href=""http://twitter.com/download/android"" rel=""nofollow"">Twitter for Android</a>",Retweet,,1,0,photo,https://pbs.twimg.com/media/EhOgEz0VkAE_M2A.jpg,,,
1301545732667617280,"RT @retheeshraj10 : If you want to discuss GDP, go to other channels. India‚Äôs most ‚Äòcredible‚Äô journalist @navikakumar https://t.co/QDVgMjbOZ0",saudamini pethe,saudamini_pethe,2020-09-03T15:40:58.000Z,Thu Sep 03 15:40:58 +0000 2020,0,0,en,"<a href=""http://twitter.com/download/android"" rel=""nofollow"">Twitter for Android</a>",Retweet,,0,1,video,https://video.twimg.com/ext_tw_video/1300824830321790977/pu/vid/632x270/y3dBDx0OiHVBakJO.mp4?tag=10,,,
1298610113507278849,"@DrRPNishank I am an aspiring deaf woman (1st in country) pursuing LLB in Faridabad. It is ironic how while learning to advocate for Deaf Rights, I've to struggle for my right to Interpreter provision! Pl support my quest to access to education! @cmohry @highereduHRY @EduMinOfIndia @MSJEGOI",saudamini pethe,saudamini_pethe,2020-08-26T13:15:52.000Z,Wed Aug 26 13:15:52 +0000 2020,1,0,en,"<a href=""http://twitter.com/download/android"" rel=""nofollow"">Twitter for Android</a>",Reply,,0,5,,,,,
1298592523565187073,"I am an aspiring deaf woman (1st in country) pursuing LLB in Faridabad. It is ironic how while learning to advocate for Deaf Rights, I've to struggle for my right to Interpreter provision! Pl support my quest to access to education! @cmohry @highereduHRY @EduMinOfIndia @MSJEGOI",saudamini pethe,saudamini_pethe,2020-08-26T12:05:58.000Z,Wed Aug 26 12:05:58 +0000 2020,127,46,en,"<a href=""http://twitter.com/download/android"" rel=""nofollow"">Twitter for Android</a>",Tweet,,0,4,,,,,
1287742296830570499,"https://t.co/xfTfjjYbHS
Hi everyone!! This is the YouTube video of my son of song Manzar Hai Ye Naya from URI. Everyone pls like share and subscribe.",saudamini pethe,saudamini_pethe,2020-07-27T13:31:03.000Z,Mon Jul 27 13:31:03 +0000 2020,3,0,en,"<a href=""http://twitter.com/download/android"" rel=""nofollow"">Twitter for Android</a>",Tweet,https://youtu.be/7XxLkFKQBHg ,0,0,,,,,
1278340861844054017,@sp_nlr @Ashi_IndiaToday @APPOLICE100 All of these except 354 are bailable! How is this going to create a change?,saudamini pethe,saudamini_pethe,2020-07-01T14:53:06.000Z,Wed Jul 01 14:53:06 +0000 2020,0,0,en,"<a href=""http://twitter.com/download/android"" rel=""nofollow"">Twitter for Android</a>",Reply,,0,3,,,,,
1278340716599537701,"RT @sp_nlr : @Ashi_IndiaToday @APPOLICE100 
A case vide Crime No 362/2020 u/s 354, 355 and 324 IPC was booked on 27.06.2020.
The accused was arrested and is being sent for judicial remand.
Nellore District Police is extremely sensitive to any violation or crime against women.
Women Safety is our top priority.",saudamini pethe,saudamini_pethe,2020-07-01T14:52:31.000Z,Wed Jul 01 14:52:31 +0000 2020,0,0,en,"<a href=""http://twitter.com/download/android"" rel=""nofollow"">Twitter for Android</a>",Retweet,,0,2,,,,,
1278339297930694656,"RT @krishna0302 : Shocking video! Only because she asked him to wear a mask, #AndhraPradesh tourism dept dy mgr Bhaskar beats up contract worker Usha with an iron rod in the office. Incident in #Nellore district on Saturday. The woman, a differently-abled, filed a police complaint. @Tourism_AP https://t.co/mOgduF0naC",saudamini pethe,saudamini_pethe,2020-07-01T14:46:53.000Z,Wed Jul 01 14:46:53 +0000 2020,0,0,en,"<a href=""http://twitter.com/download/android"" rel=""nofollow"">Twitter for Android</a>",Retweet,,2,1,video,https://video.twimg.com/ext_tw_video/1277848422637166592/pu/vid/480x270/pQaiEpw1GzNEa7v4.mp4?tag=10,,,
1278339286681575427,@krishna0302 @Tourism_AP Disgusting! He must be punished and charged with a non bailable offence!,saudamini pethe,saudamini_pethe,2020-07-01T14:46:50.000Z,Wed Jul 01 14:46:50 +0000 2020,0,0,en,"<a href=""http://twitter.com/download/android"" rel=""nofollow"">Twitter for Android</a>",Reply,,0,2,,,,,
1276573464770555906,"RT @vinaysreeni : You might have heard of a 'honourable' lordship of karnataka high court who said it is unbecoming of a indian woman to fall asleep after being 'ravished' 

Women advocates of Bengaluru have drafted a letter about the same. Those advocates wishing to sign pls mail them https://t.co/Cej2OVFNCe",saudamini pethe,saudamini_pethe,2020-06-26T17:50:06.000Z,Fri Jun 26 17:50:06 +0000 2020,0,0,en,"<a href=""http://twitter.com/download/android"" rel=""nofollow"">Twitter for Android</a>",Retweet,,0,0,photo,https://pbs.twimg.com/media/EbcAsCWVAAESW8F.jpg,https://pbs.twimg.com/media/EbcAsCYU4AAcuJr.png,,
1276355590105845761,@GatherSisters thanks for the scathing message!üëçüëå,saudamini pethe,saudamini_pethe,2020-06-26T03:24:20.000Z,Fri Jun 26 03:24:20 +0000 2020,1,0,en,"<a href=""http://twitter.com/download/android"" rel=""nofollow"">Twitter for Android</a>",Reply,,0,1,,,,,
1276354975669649409,What on earth?!ü§ïüòñüò§üò´ https://t.co/hnxXLVaHW1,saudamini pethe,saudamini_pethe,2020-06-26T03:21:54.000Z,Fri Jun 26 03:21:54 +0000 2020,2,1,en,"<a href=""http://twitter.com/download/android"" rel=""nofollow"">Twitter for Android</a>",Tweet,,0,0,photo,https://pbs.twimg.com/media/EbaGEQcWAAEm9Vr.jpg,https://pbs.twimg.com/media/EbaGFCxXQAA_et1.jpg,,
1276102628649418752,"RT @accessmantra : Here is an information poster related to Fundamental Rights under the Indian Constitution and some highlighted points in Healthcare and Accessibility for TV Media from the RPWD 2016 Act. 

Here is a link to the video explaining your Rights:
https://t.co/DX6Uo5ueJY https://t.co/ypHGqlGNep",saudamini pethe,saudamini_pethe,2020-06-25T10:39:10.000Z,Thu Jun 25 10:39:10 +0000 2020,0,0,en,"<a href=""http://twitter.com/download/android"" rel=""nofollow"">Twitter for Android</a>",Retweet,https://www.youtube.com/playlist?list=PLJq-IMj3QtisNANhrxkGncdmLJZWc-UlP ,0,0,photo,https://pbs.twimg.com/media/EbVn-GWU8AAl1wW.jpg,,,
1271860021429784583,"RT @StirredOrShaken : How to talk with someone who is #Deaf 
.
#deafness
#personswithdisabilities 
#hearingimpaired 
#SignLanguage 
#indiansignlanguage https://t.co/xAibzA31j3",saudamini pethe,saudamini_pethe,2020-06-13T17:40:33.000Z,Sat Jun 13 17:40:33 +0000 2020,0,0,en,"<a href=""http://twitter.com/download/android"" rel=""nofollow"">Twitter for Android</a>",Retweet,,6,0,photo,https://pbs.twimg.com/media/EaZx8L3VAAA-SrN.jpg,,,
1271859969449758726,@StirredOrShaken @GatherSisters Thanks so much @StirredOrShaken,saudamini pethe,saudamini_pethe,2020-06-13T17:40:21.000Z,Sat Jun 13 17:40:21 +0000 2020,1,0,en,"<a href=""http://twitter.com/download/android"" rel=""nofollow"">Twitter for Android</a>",Reply,,0,3,,,,,
1266974827996471302,"Indian Sign Language should be declared official language, but only taught by Deaf trainers https://t.co/WtnF5COOg2 via @ThePrintIndia",saudamini pethe,saudamini_pethe,2020-05-31T06:08:32.000Z,Sun May 31 06:08:32 +0000 2020,11,1,en,"<a href=""http://twitter.com/download/android"" rel=""nofollow"">Twitter for Android</a>",Tweet,https://theprint.in/opinion/indian-sign-language-should-be-declared-official-language-but-only-taught-by-deaf-trainers/432627/ ,0,1,,,,,
1264586991515172864,"RT @Neeesh124 : CMOs speech someday, PMs speech the other. But all the access that, as a Deaf person, have is
1. Short headlines - that could be interpreted to a thousand meanings without full context
2. No subtitles and sign language interpreters
#cmomaharashtra #PMModi #AccessibilityforDeaf",saudamini pethe,saudamini_pethe,2020-05-24T16:00:08.000Z,Sun May 24 16:00:08 +0000 2020,0,0,en,"<a href=""http://twitter.com/download/android"" rel=""nofollow"">Twitter for Android</a>",Retweet,,3,0,,,,,
1262752902184964098,"RT @ChangeOrg_India : Can you imagine watching a news channel &amp; not understanding a word?

This is what watching the news is like for nearly 18million hearing impaired Indians.

YADI Accessibility is urging @ddnewslive to improve the quality of its Sign Language Interpreters.

https://t.co/kYk7GvkTN3 https://t.co/1ACzqHy3G6",saudamini pethe,saudamini_pethe,2020-05-19T14:32:07.000Z,Tue May 19 14:32:07 +0000 2020,0,0,en,"<a href=""http://twitter.com/download/android"" rel=""nofollow"">Twitter for Android</a>",Retweet,http://change.org/ReplaceInterpretersNow ,0,1,photo,https://pbs.twimg.com/media/EYW7lXXU8AAdXti.jpg,https://pbs.twimg.com/media/EYW7lXZUYAAB9kZ.jpg,https://pbs.twimg.com/media/EYW7lXXVcAYTvK2.jpg,https://pbs.twimg.com/media/EYW7lXYVAAETyNU.jpg
1262178213876232193,"RT @yadindia : For Hearing impaired symbol TV News, there no accessibility sign language interpreter! https://t.co/M8cWmYTdlQ #Covid19Accessibility #SLAccessNow @india_nad @indiatvnews @drjosephjmurray @wfdeaf1 @WFDYS @MSJE_AIC @PMOIndia @MoHFW_INDIA @MIB_India @MSJEGOI @ncpedp_india @DDW_Team",saudamini pethe,saudamini_pethe,2020-05-18T00:28:30.000Z,Mon May 18 00:28:30 +0000 2020,0,0,en,"<a href=""http://twitter.com/download/android"" rel=""nofollow"">Twitter for Android</a>",Retweet,https://youtu.be/q1-BI3aX0HM ,2,12,,,,,
1260293092399132672,"RT @yadindia : @PMOIndia Sign Language Interpreting  on DDINDIALIVE is VERY BAD!!! Change inept interpreters with qualified and professional interpreters NOW!!!
@narendramodi @PMOIndia @yadindia @MSJEGOI @MSJE_AIC @COVIDNewsByMIB @AmitShah @MIB_India @DDNewslive @DDNational @FakeInterpreter https://t.co/3wMwjbBlFW",saudamini pethe,saudamini_pethe,2020-05-12T19:37:42.000Z,Tue May 12 19:37:42 +0000 2020,0,0,en,"<a href=""http://twitter.com/download/android"" rel=""nofollow"">Twitter for Android</a>",Retweet,,0,12,photo,https://pbs.twimg.com/media/EX1fQXSXYAEFAWn.jpg,,,
1260257399287492609,"RT @Hardeeply : I feel @DDNewslive channel would be useless/pointless if it will not change their ISL Interpreter.
@PMOIndia @MIB_India 
#PoorQualityInterpreter
#InappropriateAccess",saudamini pethe,saudamini_pethe,2020-05-12T17:15:53.000Z,Tue May 12 17:15:53 +0000 2020,0,0,en,"<a href=""http://twitter.com/download/android"" rel=""nofollow"">Twitter for Android</a>",Retweet,,2,3,,,,,
1260256393283678212,"RT @alimchandani : @PMOIndia @MSJEGOI With #rpwdact2016 , it is the law for you to provide subtitles where it can be accessible to everyone who depends on it! #EnoughIsEnough #timetoact #noaccess #getaccessnow https://t.co/a6f2PwRfxK",saudamini pethe,saudamini_pethe,2020-05-12T17:11:53.000Z,Tue May 12 17:11:53 +0000 2020,0,0,en,"<a href=""http://twitter.com/download/android"" rel=""nofollow"">Twitter for Android</a>",Retweet,https://twitter.com/zaph0id/status/1260223184004984833 ,5,2,,,,,
1257177283187691520,"@aajtak 
Why is your channel displaying Deaf symbol without adhering to proper mandates mentioned in #RPWD ? https://t.co/mFNjhEd7CL",saudamini pethe,saudamini_pethe,2020-05-04T05:16:36.000Z,Mon May 04 05:16:36 +0000 2020,7,2,en,"<a href=""http://twitter.com/download/android"" rel=""nofollow"">Twitter for Android</a>",Tweet,,1,1,video,https://video.twimg.com/ext_tw_video/1257177203923726336/pu/pl/0fmCMX7tjpuhLJmL.m3u8?tag=10,,,
1257123381901582336,"@aajtakdelhinews 
Why is your channel displaying Deaf symbol without adhering to proper mandates mentioned in #RPWD ? https://t.co/vcf78JjSJF",saudamini pethe,saudamini_pethe,2020-05-04T01:42:25.000Z,Mon May 04 01:42:25 +0000 2020,8,4,en,"<a href=""http://twitter.com/download/android"" rel=""nofollow"">Twitter for Android</a>",Tweet,,1,1,video,https://video.twimg.com/ext_tw_video/1257123317980545027/pu/pl/Cwaqi9Nag0kaqQNy.m3u8?tag=10,,,
1257122531028242433,"RT @yadindia : Replace substandard quality of Sign Language Interpreters on TV news channels NOW! https://t.co/3dwVCPyhkQ Can you help me out by signing this petition?
https://t.co/2m1ZLsjdEP
#ReplaceInterpretersNow  #PoorQualityInterpreting  #EqualScreenSpace @PMOIndia @DDNational @DDNewslive",saudamini pethe,saudamini_pethe,2020-05-04T01:39:02.000Z,Mon May 04 01:39:02 +0000 2020,0,0,en,"<a href=""http://twitter.com/download/android"" rel=""nofollow"">Twitter for Android</a>",Retweet,https://youtu.be/PLzbQaU4g34 http://chng.it/bXJRHN7F ,3,3,,,,,
1257122436908118018,"RT @Drisanalg : Deaf people can answer all the questions, even about interpreting and how one can become an interpreter. I‚Äôm so tired of hearing people talking FOR us, about OUR language for us. We might as well sit down in a corner and shut up because #hearingknowsbest",saudamini pethe,saudamini_pethe,2020-05-04T01:38:39.000Z,Mon May 04 01:38:39 +0000 2020,0,0,en,"<a href=""http://twitter.com/download/android"" rel=""nofollow"">Twitter for Android</a>",Retweet,,1,0,,,,,
1257122242363711488,RT @srvterp : ‡§∏‡§≠‡•Ä ‡§Ü‡§ß‡§ø‡§ï‡§æ‡§∞‡§ø‡§ï ‡§¶‡§∏‡•ç‡§§‡§æ‡§µ‡•á‡§ú‡•ã‡§Ç ‡§ï‡•ã ‡§∏‡§æ‡§Ç‡§ï‡•á‡§§‡§ø‡§ï ‡§≠‡§æ‡§∑‡§æ ‡§Æ‡•á‡§Ç ‡§Ö‡§®‡•Å‡§µ‡§æ‡§¶ ‡§ï‡§∞‡§®‡•á ‡§ï‡•á ‡§≤‡§ø‡§è ‡§è‡§ï ‡§∞‡§æ‡§∑‡•ç‡§ü‡•ç‡§∞‡•Ä‡§Ø ‡§Ö‡§®‡•Å‡§µ‡§æ‡§¶ ‡§ï‡•á‡§Ç‡§¶‡•ç‡§∞ ‡§π‡•ã‡§®‡§æ ‡§ö‡§æ‡§π‡§ø‡§è There must be a national translation centre responsible for translating all official documents into sign language @MSJEGOI @india_nad @IslrtcOfficial @socialpwds #SLAccessNow https://t.co/6Wy2gKhv1P,saudamini pethe,saudamini_pethe,2020-05-04T01:37:53.000Z,Mon May 04 01:37:53 +0000 2020,0,0,und,"<a href=""http://twitter.com/download/android"" rel=""nofollow"">Twitter for Android</a>",Retweet,,1,3,video,https://video.twimg.com/ext_tw_video/1257001173334110208/pu/pl/kwWNT-lmERpjWYbO.m3u8?tag=10,,,
1256427909360869378,RT @sladmh : Deaf Community Demands #Accessibility. Include #SignLanguage on TV channels. @dhananjay_munde @CMOMaharashtra @PMOIndia @narendramodi @MSJEGOI @MIB_India @AmitShah @supriya_sule @PrernaHDesh @sladmh @MiLOKMAT @aajtak @ABPNews @zee24taasnews @RajThackeray @Dev_Fadnavis https://t.co/BUTSuNMhMO,saudamini pethe,saudamini_pethe,2020-05-02T03:38:51.000Z,Sat May 02 03:38:51 +0000 2020,0,0,en,"<a href=""http://twitter.com/download/android"" rel=""nofollow"">Twitter for Android</a>",Retweet,,2,16,photo,https://pbs.twimg.com/media/EW8uedFVcAALsjl.jpg,https://pbs.twimg.com/media/EW8uedGU4AANWNw.jpg,https://pbs.twimg.com/media/EW8uedFUMAUkY8h.jpg,
1254770194506854403,@dreamgirlhema Hello mam I am a deaf woman and this is my poem on COVID 19. Can you publish it in your Saheli edition pls? https://t.co/CCoN25falS,saudamini pethe,saudamini_pethe,2020-04-27T13:51:41.000Z,Mon Apr 27 13:51:41 +0000 2020,1,0,en,"<a href=""http://twitter.com/download/android"" rel=""nofollow"">Twitter for Android</a>",Tweet,,0,1,photo,https://pbs.twimg.com/media/EWnWeB1UwAMjpcs.jpg,,,
1253172755333181443,An Ode - to #SocialDistancing https://t.co/w4590AnH2m,saudamini pethe,saudamini_pethe,2020-04-23T04:04:02.000Z,Thu Apr 23 04:04:02 +0000 2020,1,0,es,"<a href=""http://twitter.com/download/android"" rel=""nofollow"">Twitter for Android</a>",Tweet,,1,0,photo,https://pbs.twimg.com/media/EWQp9zCXYAAe-M1.jpg,,,
1252207166003589122,@iamsrk #AskSRK when will rightful access happen for the deaf in the form of subtitles as per #rpwd?,saudamini pethe,saudamini_pethe,2020-04-20T12:07:07.000Z,Mon Apr 20 12:07:07 +0000 2020,0,0,en,"<a href=""http://twitter.com/download/android"" rel=""nofollow"">Twitter for Android</a>",Reply,,2,1,,,,,
1244190540070932481,RT @srvterp : @ThePrintIndia @kairvygrewal @puju27 Many deaf viewers also want to experience the same nostalgia and memories but alas there are no captions/subtitles or sign language access to the show @saudamini_pethe #CaptionThis #a11y can something be done @MIB_India,saudamini pethe,saudamini_pethe,2020-03-29T09:11:55.000Z,Sun Mar 29 09:11:55 +0000 2020,0,0,en,"<a href=""http://twitter.com/download/android"" rel=""nofollow"">Twitter for Android</a>",Retweet,,2,5,,,,,
1243538681090183171,@ANI https://t.co/QnGsJNPxf8,saudamini pethe,saudamini_pethe,2020-03-27T14:01:40.000Z,Fri Mar 27 14:01:40 +0000 2020,1,0,und,"<a href=""http://twitter.com/download/android"" rel=""nofollow"">Twitter for Android</a>",Reply,https://twitter.com/saudamini_pethe/status/1243388892536946688?s=19 ,0,1,,,,,
1243450223336226816,@sunshweta @PrakashJavdekar @narendramodi @DDNational üëçüëç,saudamini pethe,saudamini_pethe,2020-03-27T08:10:10.000Z,Fri Mar 27 08:10:10 +0000 2020,0,0,und,"<a href=""http://twitter.com/download/android"" rel=""nofollow"">Twitter for Android</a>",Reply,,0,4,,,,,
1243445590219878402,@DrRajendraPhad1 @PrakashJavdekar ‡§¨‡§π‡•Å‡§§ ‡§ß‡§®‡•ç‡§Ø‡§µ‡§æ‡§¶ Dr. Rajendra Phadke ‡§ï‡§æ‡§ï‡§æ. ‡§Ü‡§∂‡§æ ‡§π‡•à ‡§Æ‡•Ç‡§ï ‡§¨‡§ß‡§ø‡§∞ ‡§ú‡§®‡§§‡§æ subtitles ‡§¶‡•ç‡§µ‡§æ‡§∞‡§æ ‡§∞‡§æ‡§Æ‡§æ‡§Ø‡§£ ‡§Æ‡§æ‡§≤‡§ø‡§ï‡§æ ‡§ï‡§æ ‡§Ü‡§®‡§Ç‡§¶ ‡§â‡§†‡§æ ‡§∏‡§ï‡•á‡§Ç‡§ó‡•á‡•§üôèüôè,saudamini pethe,saudamini_pethe,2020-03-27T07:51:45.000Z,Fri Mar 27 07:51:45 +0000 2020,0,0,hi,"<a href=""http://twitter.com/download/android"" rel=""nofollow"">Twitter for Android</a>",Reply,,0,2,,,,,
1243426562470526976,Thanks https://t.co/9GkslqjEL8,saudamini pethe,saudamini_pethe,2020-03-27T06:36:08.000Z,Fri Mar 27 06:36:08 +0000 2020,1,0,en,"<a href=""http://twitter.com/download/android"" rel=""nofollow"">Twitter for Android</a>",Tweet,https://twitter.com/avneesh_aneja/status/1243424574181498880 ,0,0,,,,,
1243402197536100359,RT @AlokB18 : @saudamini_pethe @PrakashJavdekar @narendramodi @DDNational So we need English CC,saudamini pethe,saudamini_pethe,2020-03-27T04:59:19.000Z,Fri Mar 27 04:59:19 +0000 2020,0,0,en,"<a href=""http://twitter.com/download/android"" rel=""nofollow"">Twitter for Android</a>",Retweet,,0,4,,,,,
1243401725806927878,RT @AlokB18 : @saudamini_pethe @PrakashJavdekar @narendramodi @DDNational @saudamini_pethe majority of deaf people understands English language irrespective of medium they have studied so far .,saudamini pethe,saudamini_pethe,2020-03-27T04:57:27.000Z,Fri Mar 27 04:57:27 +0000 2020,0,0,en,"<a href=""http://twitter.com/download/android"" rel=""nofollow"">Twitter for Android</a>",Retweet,,0,5,,,,,
1243388892536946688,"@PrakashJavdekar @narendramodi @DDNational That's a great gesture sir, but unfortunately Deaf people like us won't be able to understand anything without accessibility and feel even more isolated in times of home quarantine! As per #RPWD sec 42 (ii), govt should provide Hindi caption &amp; ISL interpretation for all episodes.",saudamini pethe,saudamini_pethe,2020-03-27T04:06:27.000Z,Fri Mar 27 04:06:27 +0000 2020,84,27,en,"<a href=""http://twitter.com/download/android"" rel=""nofollow"">Twitter for Android</a>",Reply,,1,3,,,,,
1201159239152152576,"I Support
#signlanguageinschools
#indiansignlanguageinschools https://t.co/juxZbgbCvz",saudamini pethe,saudamini_pethe,2019-12-01T15:20:53.000Z,Sun Dec 01 15:20:53 +0000 2019,88,5,en,"<a href=""https://mobile.twitter.com"" rel=""nofollow"">Twitter Web App</a>",Tweet,,2,0,photo,https://pbs.twimg.com/media/EKtf8yvW4AAMjmK.jpg,,,
1195199916643168256,Change is coming for sure! #signlanguageinschools# @accessmantra @minister_Edu @HRDministry @narendramodi @MSJEGOI,saudamini pethe,saudamini_pethe,2019-11-15T04:40:40.000Z,Fri Nov 15 04:40:40 +0000 2019,5,1,en,"<a href=""https://mobile.twitter.com"" rel=""nofollow"">Twitter Web App</a>",Tweet,,0,5,,,,,
1185136824072757248,"Awesome gesture by honorable District Collector and District Election Officer, Raigad Dr. Vijay Suryavanshi!
Choice of hiring unprofessional interpreter deliberate or accidental? 
I'm sorry sir, but if you can't hire professional interpreters we won't be casting our votes. https://t.co/7lRqlVsoMU",saudamini pethe,saudamini_pethe,2019-10-18T10:13:32.000Z,Fri Oct 18 10:13:32 +0000 2019,4,1,en,"<a href=""https://mobile.twitter.com"" rel=""nofollow"">Twitter Web App</a>",Tweet,,0,0,video,https://video.twimg.com/ext_tw_video/1185136610935033857/pu/pl/rK1Q7pCXje14a1-l.m3u8?tag=10,,,
986095824571719680,"What exactly are we concerned about?
The issue of RAPE, or the place and the religion of the raped and the rapist?
Anybody??",saudamini pethe,saudamini_pethe,2018-04-17T04:15:40.000Z,Tue Apr 17 04:15:40 +0000 2018,0,0,en,"<a href=""https://mobile.twitter.com"" rel=""nofollow"">Twitter Web App</a>",Tweet,,0,0,,,,,
